Thumb,Index,Middle,Ring,Pinky,Gyro_X,Gyro_Y,Gyro_Z,GyroX,GyroY,GyroZ,cluster
1181,0,0,0,0,-116,-122,223,0,0,0,5
1579,0,0,0,0,-103,-109,218,0,0,0,5
1456,0,0,0,0,-114,-135,206,0,0,0,5
1278,0,0,0,0,-88,-108,209,0,0,0,5
1270,0,0,0,0,-106,-122,196,0,0,0,5
1294,0,0,0,0,-108,-138,225,0,0,0,5
1201,0,0,0,0,-100,-108,207,0,0,0,5
1225,0,0,0,0,-85,-122,204,0,0,0,5
1202,0,0,0,0,-95,-126,210,0,0,0,5
1194,0,0,0,0,-101,-121,209,0,0,0,5
1151,0,0,0,0,-83,-109,197,0,0,0,5
1098,0,0,0,0,-83,-125,209,0,0,0,5
1207,0,0,0,0,-98,-112,205,0,0,0,5
1215,0,0,0,0,-67,-125,210,0,0,0,5
1160,0,0,0,0,-102,-118,218,0,0,0,5
1202,0,0,0,0,-89,-127,224,0,0,0,5
1213,0,0,0,0,-96,-99,189,0,0,0,5
1169,0,0,0,0,-108,-144,210,0,0,0,5
1141,0,0,0,0,-85,-127,207,0,0,0,5
1128,0,0,0,0,-93,-117,192,0,0,0,5
1048,0,0,0,0,-98,-111,226,0,0,0,5
1112,0,0,0,0,-97,-125,215,0,0,0,5
1139,0,0,0,0,-91,-105,210,0,0,0,5
1084,0,0,0,0,-106,-105,207,0,0,0,5
1066,0,0,0,0,-101,-99,196,0,0,0,5
857,0,0,0,0,-95,-117,197,0,0,0,5
876,0,0,0,0,-92,-120,200,0,0,0,5
1040,0,0,0,0,-106,-119,191,0,0,0,5
981,0,0,0,0,-84,-103,191,0,0,0,5
774,0,0,0,0,-80,-103,217,0,0,0,5
692,0,0,0,0,-123,-121,206,0,0,0,5
688,0,0,0,0,-91,-108,216,0,0,0,5
633,0,0,0,0,-84,-106,214,0,0,0,5
546,0,0,0,0,-100,-159,207,0,0,0,5
573,0,0,0,0,-95,-140,215,0,0,0,5
684,0,0,0,0,-94,-118,207,0,0,0,5
657,0,0,0,0,-130,-129,211,0,0,0,5
1072,0,0,0,0,-97,-120,209,0,0,0,5
1089,0,0,0,0,-84,-128,211,0,0,0,5
1106,0,0,0,0,-83,-112,191,0,0,0,5
1067,0,0,0,0,-95,-118,203,0,0,0,5
962,0,0,0,0,-88,-98,230,0,0,0,5
1023,0,0,0,0,-93,-143,208,0,0,0,5
1114,0,0,0,0,-89,-129,207,0,0,0,5
1166,0,0,0,0,-85,-104,214,0,0,0,5
1133,0,0,0,0,-104,-144,220,0,0,0,5
1022,0,0,0,0,-92,-125,216,0,0,0,5
1052,0,0,0,0,-111,-119,217,0,0,0,5
912,0,0,0,0,-88,-125,231,0,0,0,5
1075,0,0,0,0,-90,-87,191,0,0,0,5
1135,0,0,0,0,-94,-136,231,0,0,0,5
1111,0,0,0,0,-121,-106,217,0,0,0,5
967,0,0,0,0,-100,-137,224,0,0,0,5
903,0,0,0,0,-77,-139,213,0,0,0,5
944,0,0,0,0,-97,-132,228,0,0,0,5
1049,0,0,0,0,-84,-115,202,0,0,0,5
766,0,0,0,0,-75,-112,200,0,0,0,5
943,0,0,0,0,-105,-103,235,0,0,0,5
875,0,0,0,0,-100,-144,225,0,0,0,5
827,0,0,0,0,-80,-109,191,0,0,0,5
857,0,0,0,0,-92,-127,199,0,0,0,5
872,0,0,0,0,-98,-134,219,0,0,0,5
829,0,0,0,0,-93,-122,216,0,0,0,5
761,0,0,0,0,-109,-120,213,0,0,0,5
739,0,0,0,0,-84,-113,228,0,0,0,5
919,0,0,0,0,-105,-133,195,0,0,0,5
925,0,0,0,0,-107,-121,203,0,0,0,5
894,0,0,0,0,-116,-1362,205,0,0,0,5
930,0,0,0,0,-108,-187,203,0,0,0,5
909,0,0,0,0,-143,-252,199,0,0,0,5
814,0,0,0,0,-81,-107,200,0,0,0,5
788,0,0,0,0,-83,-128,204,0,0,0,5
740,0,0,0,0,-88,-114,215,0,0,0,5
656,0,0,0,0,-92,-123,232,0,0,0,5
741,0,0,0,0,-81,-118,218,0,0,0,5
846,0,0,0,0,-74,-116,211,0,0,0,5
847,0,0,0,0,-98,-111,197,0,0,0,5
841,0,0,0,0,-99,-135,210,0,0,0,5
678,0,0,0,0,-96,-122,230,0,0,0,5
705,0,0,0,0,-90,-123,201,0,0,0,5
478,0,0,0,0,-89,-141,212,0,0,0,5
359,0,0,0,0,-95,-119,210,0,0,0,5
253,0,0,0,0,-87,-130,215,0,0,0,5
0,434,0,0,0,-88,-126,187,0,0,0,5
0,347,0,0,0,-94,-125,215,0,0,0,5
0,770,0,0,0,-111,-106,218,0,0,0,5
0,504,0,0,0,-85,-120,224,0,0,0,5
0,380,0,0,0,-94,-125,230,0,0,0,5
0,1138,0,0,0,-89,-122,207,0,0,0,1
0,2418,0,0,0,-101,-124,213,0,0,0,1
0,2703,0,0,0,-82,-113,217,0,0,0,1
0,2320,0,0,0,-91,-135,199,0,0,0,1
0,821,0,0,0,-86,-111,204,0,0,0,5
0,3311,0,0,0,-117,-136,212,0,0,0,1
0,2800,0,0,0,-104,-124,215,0,0,0,1
0,2824,0,0,0,-93,-99,220,0,0,0,1
0,3173,0,0,0,-122,-134,238,0,0,0,1
0,3383,0,0,0,-109,-104,229,0,0,0,1
0,3313,0,0,0,-107,-122,217,0,0,0,1
0,3262,0,0,0,-90,-118,211,0,0,0,1
0,3130,0,0,0,-86,-139,207,0,0,0,1
0,3151,0,0,0,-96,-111,205,0,0,0,1
0,3137,0,0,0,-74,-134,195,0,0,0,1
0,3137,0,0,0,-114,-119,200,0,0,0,1
0,3121,0,0,0,-100,-128,217,0,0,0,1
0,2959,0,0,0,-100,-113,212,0,0,0,1
0,2847,0,0,0,-104,-140,215,0,0,0,1
0,2816,0,0,0,-83,-129,224,0,0,0,1
0,2815,0,0,0,-96,-106,207,0,0,0,1
0,2756,0,0,0,-95,-131,198,0,0,0,1
0,2654,0,0,0,-88,-128,193,0,0,0,1
0,2640,0,0,0,-107,-105,206,0,0,0,1
0,2640,0,0,0,-95,-132,230,0,0,0,1
0,2628,0,0,0,-94,-127,223,0,0,0,1
0,2622,0,0,0,-93,-145,223,0,0,0,1
0,2613,0,0,0,-93,-127,217,0,0,0,1
0,2614,0,0,0,-89,-128,234,0,0,0,1
0,2630,0,0,0,-122,-121,220,0,0,0,1
0,2606,0,0,0,-92,-115,217,0,0,0,1
0,2593,0,0,0,-100,-122,214,0,0,0,1
0,2642,0,0,0,-110,-110,222,0,0,0,1
0,2616,0,0,0,-77,-130,199,0,0,0,1
0,2615,0,0,0,-94,-126,220,0,0,0,1
0,2625,0,0,0,-100,-105,216,0,0,0,1
0,2624,0,0,0,-89,-138,198,0,0,0,1
0,2633,0,0,0,-89,-124,228,0,0,0,1
0,2631,0,0,0,-105,-134,218,0,0,0,1
0,2601,0,0,0,-80,-120,222,0,0,0,1
0,2620,0,0,0,-69,-107,236,0,0,0,1
0,2608,0,0,0,-90,-113,223,0,0,0,1
0,2596,0,0,0,-113,-98,206,0,0,0,1
0,2616,0,0,0,-103,-120,217,0,0,0,1
0,2614,0,0,0,-95,-137,226,0,0,0,1
0,2626,0,0,0,-113,-127,212,0,0,0,1
0,2614,0,0,0,-79,-122,214,0,0,0,1
0,2614,0,0,0,-104,-136,204,0,0,0,1
0,2604,0,0,0,-83,-114,211,0,0,0,1
0,2493,0,0,0,-99,-133,200,0,0,0,1
0,2470,0,0,0,-89,-123,194,0,0,0,1
0,2480,0,0,0,-91,-125,211,0,0,0,1
0,2497,0,0,0,-92,-126,190,0,0,0,1
0,2513,0,0,0,-95,-113,196,0,0,0,1
0,2465,0,0,0,-100,-100,217,0,0,0,1
0,1850,0,0,0,-99,-112,219,0,0,0,1
0,1667,0,0,0,-88,-104,224,0,0,0,1
0,1454,0,0,0,-86,-109,200,0,0,0,1
0,1810,0,0,0,-101,-109,226,0,0,0,1
0,3259,0,0,0,-104,-130,205,0,0,0,1
0,1701,0,0,0,-86,-125,192,0,0,0,1
0,581,0,0,0,-102,-126,225,0,0,0,5
0,2848,0,0,0,-102,-144,195,0,0,0,1
0,3726,0,0,0,-91,-91,209,0,0,0,1
0,3940,0,0,0,-106,-111,222,0,0,0,1
0,4050,0,0,0,-90,-118,206,0,0,0,1
0,4095,0,0,0,-115,-127,204,0,0,0,1
0,4095,0,0,0,-97,-124,208,0,0,0,1
0,4095,0,0,0,-96,-119,213,0,0,0,1
0,4094,0,0,0,-106,-131,213,0,0,0,1
0,3353,0,0,0,-87,-145,216,0,0,0,1
0,3067,0,0,0,-109,-149,219,0,0,0,1
0,2985,0,0,0,-108,-114,209,0,0,0,1
0,2891,0,0,0,-93,-122,211,0,0,0,1
0,2877,0,0,0,-103,-116,200,0,0,0,1
0,2856,0,0,0,-93,-107,214,0,0,0,1
0,2867,0,0,0,-106,-103,215,0,0,0,1
0,2874,0,0,0,-102,-129,196,0,0,0,1
0,2879,0,0,0,-103,-116,211,0,0,0,1
0,2889,0,0,0,-91,-118,219,0,0,0,1
0,2893,0,0,0,-109,-134,208,0,0,0,1
0,2883,0,0,0,-77,-111,216,0,0,0,1
0,2880,0,0,0,-85,-100,211,0,0,0,1
0,2872,0,0,0,-94,-126,205,0,0,0,1
0,2889,0,0,0,-93,-117,197,0,0,0,1
0,2893,0,0,0,-76,-111,216,0,0,0,1
0,2897,0,0,0,-90,-121,216,0,0,0,1
0,2900,0,0,0,-82,-113,209,0,0,0,1
0,2892,0,0,0,-87,-131,225,0,0,0,1
0,2888,0,0,0,-92,-136,210,0,0,0,1
0,2880,0,0,0,-105,-130,213,0,0,0,1
0,2883,0,0,0,-104,-139,221,0,0,0,1
0,2882,0,0,0,-83,-121,221,0,0,0,1
0,2886,0,0,0,-96,-106,219,0,0,0,1
0,2891,0,0,0,-96,-121,222,0,0,0,1
0,2889,0,0,0,-99,-128,186,0,0,0,1
0,2887,0,0,0,-84,-110,218,0,0,0,1
0,2887,0,0,0,-111,-126,214,0,0,0,1
0,2886,0,0,0,-85,-139,203,0,0,0,1
0,2890,0,0,0,-113,-114,200,0,0,0,1
0,2887,0,0,0,-88,-128,205,0,0,0,1
0,2887,0,0,0,-87,-114,217,0,0,0,1
0,2787,0,0,0,-113,-98,231,0,0,0,1
0,2784,0,0,0,-88,-131,223,0,0,0,1
0,2783,0,0,0,-89,-103,184,0,0,0,1
0,2782,0,0,0,-100,-113,207,0,0,0,1
0,2781,0,0,0,-107,-120,215,0,0,0,1
0,2782,0,0,0,-119,-114,205,0,0,0,1
0,2781,0,0,0,-102,-116,210,0,0,0,1
0,2780,0,0,0,-94,-136,226,0,0,0,1
0,2778,0,0,0,-101,-117,215,0,0,0,1
0,2777,0,0,0,-82,-127,212,0,0,0,1
0,2516,0,0,0,-95,-130,221,0,0,0,1
0,2302,0,0,0,-95,-110,197,0,0,0,1
0,0,1311,0,0,-96,-125,218,0,0,0,4
0,0,2543,0,0,-73,-128,216,0,0,0,4
0,0,2641,0,0,-115,-111,213,0,0,0,4
0,0,2631,0,0,-86,-114,214,0,0,0,4
0,0,2641,0,0,-111,-115,221,0,0,0,4
0,0,2660,0,0,-96,-108,219,0,0,0,4
0,0,2562,0,0,-108,-123,212,0,0,0,4
0,0,2623,0,0,-87,-105,211,0,0,0,4
0,0,2636,0,0,-126,-138,223,0,0,0,4
0,0,2725,0,0,-101,-123,209,0,0,0,4
0,0,2774,0,0,-86,-124,207,0,0,0,4
0,0,2836,0,0,-83,-129,214,0,0,0,4
0,0,2861,0,0,-104,-120,202,0,0,0,4
0,0,2861,0,0,-91,-102,203,0,0,0,4
0,0,2864,0,0,-113,-108,234,0,0,0,4
0,0,2874,0,0,-76,-92,217,0,0,0,4
0,0,2867,0,0,-100,-121,207,0,0,0,4
0,0,2864,0,0,-99,-113,224,0,0,0,4
0,0,2861,0,0,-99,-124,219,0,0,0,4
0,0,2868,0,0,-95,-128,208,0,0,0,4
0,0,2864,0,0,-103,-131,203,0,0,0,4
0,0,2863,0,0,-91,-115,221,0,0,0,4
0,0,2864,0,0,-98,-141,209,0,0,0,4
0,0,2865,0,0,-93,-106,206,0,0,0,4
0,0,2855,0,0,-110,-121,232,0,0,0,4
0,0,2850,0,0,-77,-102,210,0,0,0,4
0,0,2811,0,0,-110,-126,200,0,0,0,4
0,0,2803,0,0,-100,-119,219,0,0,0,4
0,0,2799,0,0,-94,-111,221,0,0,0,4
0,0,2802,0,0,-86,-126,209,0,0,0,4
0,0,2801,0,0,-86,-129,193,0,0,0,4
0,0,2780,0,0,-131,-123,216,0,0,0,4
0,0,2779,0,0,-116,-120,221,0,0,0,4
0,0,2773,0,0,-91,-131,202,0,0,0,4
0,0,2774,0,0,-107,-128,205,0,0,0,4
0,0,2769,0,0,-109,-104,220,0,0,0,4
0,0,2754,0,0,-104,-139,217,0,0,0,4
0,0,2741,0,0,-97,-151,212,0,0,0,4
0,0,2740,0,0,-119,-124,209,0,0,0,4
0,0,2739,0,0,-89,-119,223,0,0,0,4
0,0,2737,0,0,-79,-102,215,0,0,0,4
0,0,2737,0,0,-109,-137,210,0,0,0,4
0,0,2736,0,0,-68,-132,203,0,0,0,4
0,0,2735,0,0,-114,-128,207,0,0,0,4
0,0,2734,0,0,-93,-124,209,0,0,0,4
0,0,2727,0,0,-86,-139,204,0,0,0,4
0,0,2726,0,0,-106,-125,228,0,0,0,4
0,0,2718,0,0,-92,-107,214,0,0,0,4
0,0,2731,0,0,-79,-127,225,0,0,0,4
0,0,2733,0,0,-86,-130,223,0,0,0,4
0,0,2735,0,0,-110,-126,210,0,0,0,4
0,0,2735,0,0,-82,-120,204,0,0,0,4
0,0,2736,0,0,-102,-117,223,0,0,0,4
0,0,2736,0,0,-92,-111,213,0,0,0,4
0,0,2739,0,0,-93,-133,211,0,0,0,4
0,0,2735,0,0,-91,-134,212,0,0,0,4
0,0,2737,0,0,-111,-120,218,0,0,0,4
0,0,2739,0,0,-111,-123,204,0,0,0,4
0,0,2736,0,0,-86,-114,205,0,0,0,4
0,0,2736,0,0,-89,-128,217,0,0,0,4
0,0,2727,0,0,-101,-115,194,0,0,0,4
0,0,2726,0,0,-81,-130,226,0,0,0,4
0,0,2733,0,0,-88,-134,230,0,0,0,4
0,0,2736,0,0,-90,-118,219,0,0,0,4
0,0,2735,0,0,-105,-121,211,0,0,0,4
0,0,2739,0,0,-102,-133,201,0,0,0,4
0,0,2740,0,0,-100,-117,186,0,0,0,4
0,0,2734,0,0,-99,-111,209,0,0,0,4
0,0,2737,0,0,-79,-126,224,0,0,0,4
0,0,2736,0,0,-97,-113,216,0,0,0,4
0,0,2737,0,0,-91,-129,217,0,0,0,4
0,0,2742,0,0,-108,-110,215,0,0,0,4
0,0,2741,0,0,-90,-147,198,0,0,0,4
0,0,2740,0,0,-95,-97,199,0,0,0,4
0,0,2736,0,0,-77,-118,209,0,0,0,4
0,0,2735,0,0,-105,-135,199,0,0,0,4
0,0,2735,0,0,-94,-140,208,0,0,0,4
0,0,2738,0,0,-96,-100,220,0,0,0,4
0,0,2736,0,0,-92,-117,235,0,0,0,4
0,0,2737,0,0,-109,-128,218,0,0,0,4
0,0,2735,0,0,-109,-125,197,0,0,0,4
0,0,2741,0,0,-112,-116,199,0,0,0,4
0,0,2740,0,0,-99,-124,206,0,0,0,4
0,0,2739,0,0,-93,-101,209,0,0,0,4
0,0,2739,0,0,-89,-116,198,0,0,0,4
0,0,2742,0,0,-84,-112,232,0,0,0,4
0,0,2739,0,0,-107,-130,197,0,0,0,4
0,0,2733,0,0,-93,-129,197,0,0,0,4
0,0,2741,0,0,-86,-125,196,0,0,0,4
0,0,2742,0,0,-95,-129,207,0,0,0,4
0,0,2745,0,0,-106,-132,192,0,0,0,4
0,0,2739,0,0,-91,-122,217,0,0,0,4
0,0,2735,0,0,-100,-119,207,0,0,0,4
0,0,2700,0,0,-88,-135,231,0,0,0,4
0,0,2681,0,0,-109,-113,202,0,0,0,4
0,0,2637,1262,0,-64,-106,207,0,0,0,4
0,0,2150,1584,0,-97,-127,209,0,0,0,4
0,0,0,1410,0,-96,-126,215,0,0,0,0
0,0,0,1022,0,-116,-146,219,0,0,0,5
0,0,0,1151,0,-84,-128,218,0,0,0,5
0,0,0,2068,0,-87,-131,221,0,0,0,0
0,0,0,2751,0,-79,-143,223,0,0,0,0
0,0,0,2897,0,-95,-113,201,0,0,0,0
0,0,0,3023,0,-99,-124,208,0,0,0,0
0,0,0,3024,0,-106,-124,219,0,0,0,0
0,0,0,3027,0,-120,-116,218,0,0,0,0
0,0,0,3089,0,-112,-106,208,0,0,0,0
0,0,0,3121,0,-90,-105,221,0,0,0,0
0,0,0,3119,0,-80,-130,211,0,0,0,0
0,0,0,3241,0,-88,-123,208,0,0,0,0
0,0,0,3246,0,-82,-132,196,0,0,0,0
0,0,0,3250,0,-109,-235,203,0,0,0,0
0,0,0,3237,0,-104,-123,202,0,0,0,0
0,0,0,3233,0,-103,-111,211,0,0,0,0
0,0,0,3241,0,-102,-119,211,0,0,0,0
0,0,0,3245,0,-104,-111,215,0,0,0,0
0,0,0,3242,0,-99,-106,204,0,0,0,0
0,0,0,3248,0,-83,-116,210,0,0,0,0
0,0,0,3249,0,-94,-95,209,0,0,0,0
0,0,0,3250,0,-87,-109,212,0,0,0,0
0,0,0,3250,0,-104,-118,201,0,0,0,0
0,0,0,3244,0,-111,-111,218,0,0,0,0
0,0,0,3231,0,-87,-117,208,0,0,0,0
0,0,0,3207,0,-90,-128,204,0,0,0,0
0,0,0,3176,0,-93,-106,213,0,0,0,0
0,0,0,3132,0,-114,-129,221,0,0,0,0
0,0,0,3156,0,-92,-118,229,0,0,0,0
0,0,0,3146,0,-102,-106,200,0,0,0,0
0,0,0,3162,0,-88,-122,217,0,0,0,0
0,0,0,3172,0,-85,-126,211,0,0,0,0
0,0,0,3168,0,-96,-129,212,0,0,0,0
0,0,0,3151,0,-96,-111,207,0,0,0,0
0,0,0,3129,0,-93,-110,186,0,0,0,0
0,0,0,3137,0,-102,-117,217,0,0,0,0
0,0,0,3122,0,-101,-136,211,0,0,0,0
0,0,0,3113,0,-91,-130,201,0,0,0,0
0,0,0,3118,0,-109,-124,236,0,0,0,0
0,0,0,3133,0,-126,-124,192,0,0,0,0
0,0,0,3161,0,-110,-113,201,0,0,0,0
0,0,0,3152,0,-91,-134,217,0,0,0,0
0,0,0,3152,0,-114,-118,227,0,0,0,0
0,0,0,3159,0,-81,-125,204,0,0,0,0
0,0,0,3169,0,-104,-113,208,0,0,0,0
0,0,0,3166,0,-103,-116,197,0,0,0,0
0,0,0,3157,0,-89,-117,206,0,0,0,0
0,0,0,3153,0,-126,-120,204,0,0,0,0
0,0,0,3162,0,-102,-101,208,0,0,0,0
0,0,0,3169,0,-108,-124,194,0,0,0,0
0,0,0,3173,0,-87,-109,192,0,0,0,0
0,0,0,3171,0,-87,-125,216,0,0,0,0
0,0,0,3175,0,-108,-104,217,0,0,0,0
0,0,0,3171,0,-104,-120,214,0,0,0,0
0,0,0,3168,0,-93,-125,189,0,0,0,0
0,0,0,3154,0,-103,-120,206,0,0,0,0
0,0,0,3150,0,-103,-131,222,0,0,0,0
0,0,0,3120,0,-109,-127,201,0,0,0,0
0,0,0,3116,0,-92,-133,210,0,0,0,0
0,0,0,3118,0,-108,-128,214,0,0,0,0
0,0,0,3117,0,-85,-132,221,0,0,0,0
0,0,0,3115,0,-112,-123,216,0,0,0,0
0,0,0,3122,0,-99,-113,193,0,0,0,0
0,0,0,3122,0,-85,-130,208,0,0,0,0
0,0,0,3132,0,-100,-134,204,0,0,0,0
0,0,0,3135,0,-90,-102,211,0,0,0,0
0,0,0,3125,0,-85,-113,218,0,0,0,0
0,0,0,3130,0,-102,-101,218,0,0,0,0
0,0,0,3188,0,-107,-126,195,0,0,0,0
0,0,0,3181,0,-100,-118,211,0,0,0,0
0,0,0,3181,0,-122,-103,210,0,0,0,0
0,0,0,3168,0,-89,-137,211,0,0,0,0
0,0,0,3165,0,-117,-125,211,0,0,0,0
0,0,0,3164,0,-86,-119,218,0,0,0,0
0,0,0,3160,0,-106,-117,221,0,0,0,0
0,0,0,3164,0,-88,-124,183,0,0,0,0
0,0,0,3161,0,-90,-135,237,0,0,0,0
0,0,0,3166,0,-107,-119,203,0,0,0,0
0,0,0,3163,0,-98,-117,222,0,0,0,0
0,0,0,3164,0,-106,-121,211,0,0,0,0
0,0,0,3153,0,-110,-111,207,0,0,0,0
0,0,0,3163,0,-88,-123,226,0,0,0,0
0,0,0,3158,0,-100,-118,217,0,0,0,0
0,0,0,3169,0,-102,-91,204,0,0,0,0
0,0,0,3161,0,-81,-135,194,0,0,0,0
0,0,0,3166,0,-102,-134,217,0,0,0,0
0,0,0,3160,0,-77,-120,216,0,0,0,0
0,0,0,3160,0,-99,-117,203,0,0,0,0
0,0,0,3158,0,-102,-134,208,0,0,0,0
0,0,0,3158,0,-104,-123,215,0,0,0,0
0,0,0,3154,0,-85,-131,212,0,0,0,0
0,0,0,3152,0,-77,-117,203,0,0,0,0
0,0,0,3152,0,-102,-124,196,0,0,0,0
0,0,0,3154,0,-99,-78,216,0,0,0,0
0,0,0,3148,0,-109,-126,205,0,0,0,0
0,0,0,3147,0,-89,-129,224,0,0,0,0
0,0,0,3138,0,-99,-118,222,0,0,0,0
0,0,0,3138,0,-83,-113,212,0,0,0,0
0,0,0,3139,0,-81,-114,220,0,0,0,0
0,0,0,3136,0,-90,-116,195,0,0,0,0
0,0,0,3133,0,-94,-111,211,0,0,0,0
0,0,0,3129,0,-101,-119,229,0,0,0,0
0,0,0,3136,0,-82,-116,204,0,0,0,0
0,0,0,3134,0,-102,-126,214,0,0,0,0
0,0,0,3124,0,-100,-130,215,0,0,0,0
0,0,0,3125,0,-108,-120,192,0,0,0,0
0,0,0,3124,0,-109,-112,216,0,0,0,0
0,0,0,3134,0,-84,-104,228,0,0,0,0
0,0,0,3135,0,-104,-115,229,0,0,0,0
0,0,0,3138,0,-88,-123,218,0,0,0,0
0,0,0,3009,0,-84,-118,239,0,0,0,0
0,0,0,2879,1017,-106,-130,217,0,0,0,0
0,0,0,2524,1661,-109,-114,225,0,0,0,3
0,0,0,2676,2866,-102,-118,215,0,0,0,3
0,0,0,2720,3016,-91,-129,201,0,0,0,3
0,0,0,1760,1912,-110,-138,209,0,0,0,3
0,0,0,958,1697,-88,-124,222,0,0,0,3
0,0,0,192,1999,-98,-110,195,0,0,0,3
0,0,0,630,2373,-99,-108,203,0,0,0,3
0,0,0,737,2520,-114,-127,206,0,0,0,3
0,0,0,701,2495,-100,-121,225,0,0,0,3
0,0,0,673,2477,-97,-120,232,0,0,0,3
0,0,0,11,2037,-100,-109,210,0,0,0,3
0,0,0,0,2044,-99,-117,180,0,0,0,3
0,0,0,0,1951,-104,-125,225,0,0,0,3
0,0,0,0,1942,-84,-113,210,0,0,0,3
0,0,0,61,1985,-95,-110,211,0,0,0,3
0,0,0,318,2311,-109,-135,196,0,0,0,3
0,0,0,331,2223,-97,-128,203,0,0,0,3
0,0,0,352,2207,-93,-111,204,0,0,0,3
0,0,0,24,1932,-101,-146,214,0,0,0,3
0,0,0,0,1965,-112,-122,213,0,0,0,3
0,0,0,0,1935,-98,-118,218,0,0,0,3
0,0,0,0,1854,-104,-133,202,0,0,0,3
0,0,0,0,1728,-113,-131,214,0,0,0,3
0,0,0,0,1775,-94,-99,202,0,0,0,3
0,0,0,0,1810,-84,-113,207,0,0,0,3
0,0,0,0,1809,-84,-123,204,0,0,0,3
0,0,0,0,1835,-84,-129,224,0,0,0,3
0,0,0,0,1775,-87,-124,205,0,0,0,3
0,0,0,0,1846,-92,-148,204,0,0,0,3
0,0,0,0,1838,-88,-122,212,0,0,0,3
0,0,0,0,1828,-99,-119,218,0,0,0,3
0,0,0,0,1743,-81,-122,230,0,0,0,3
0,0,0,0,1687,-113,-96,215,0,0,0,3
0,0,0,0,1771,-107,-113,196,0,0,0,3
0,0,0,0,1694,-90,-119,203,0,0,0,3
0,0,0,0,1665,-101,-103,226,0,0,0,3
0,0,0,0,1649,-96,-114,202,0,0,0,3
0,0,0,0,1690,-108,-114,202,0,0,0,3
0,0,0,0,1824,-83,-116,196,0,0,0,3
0,0,0,0,1939,-114,-104,233,0,0,0,3
0,0,0,0,1859,-101,-122,193,0,0,0,3
0,0,0,0,1809,-109,-109,215,0,0,0,3
0,0,0,0,1789,-125,-135,205,0,0,0,3
0,0,0,0,1774,-88,-116,219,0,0,0,3
0,0,0,0,1791,-100,-131,211,0,0,0,3
0,0,0,0,1848,-97,-137,187,0,0,0,3
0,0,0,0,1702,-84,-97,189,0,0,0,3
0,0,0,0,1709,-70,-128,209,0,0,0,3
0,0,0,0,1710,-91,-116,217,0,0,0,3
0,0,0,0,1667,-74,-128,206,0,0,0,3
0,0,0,0,1644,-86,-115,203,0,0,0,3
0,0,0,0,1644,-121,-129,207,0,0,0,3
0,0,0,0,1612,-58,-145,209,0,0,0,3
0,0,0,0,1532,-80,-130,207,0,0,0,3
0,0,0,0,1535,-73,-126,198,0,0,0,3
0,0,0,0,1501,-93,-116,212,0,0,0,3
0,0,0,0,1502,-85,-110,221,0,0,0,3
0,0,0,0,1503,-119,-136,227,0,0,0,3
0,0,0,0,1534,-96,-132,232,0,0,0,3
0,0,0,0,1359,-88,-126,204,0,0,0,3
0,0,0,0,1320,-116,-146,201,0,0,0,3
0,0,0,0,1345,-91,-129,194,0,0,0,3
0,0,0,0,1280,-91,-124,218,0,0,0,3
0,0,0,0,1351,-101,-112,219,0,0,0,3
0,0,0,0,1084,-79,-135,229,0,0,0,3
0,0,0,0,1186,-105,-110,223,0,0,0,3
0,0,0,0,1236,-70,-126,221,0,0,0,3
0,0,0,0,1185,-97,-125,215,0,0,0,3
0,0,0,0,1197,-100,-111,223,0,0,0,3
0,0,0,0,1340,-108,-134,206,0,0,0,3
0,0,0,0,1350,-107,-116,202,0,0,0,3
0,0,0,0,1255,-106,-125,224,0,0,0,3
0,0,0,0,1156,-90,-120,188,0,0,0,3
0,0,0,0,1118,-102,-130,211,0,0,0,3
0,0,0,0,1116,-88,-123,218,0,0,0,3
0,0,0,0,999,-98,-108,221,0,0,0,3
0,0,0,100,994,-97,-135,221,0,0,0,3
0,0,0,68,969,-111,-101,206,0,0,0,3
0,0,0,57,983,-98,-142,214,0,0,0,3
0,0,0,80,901,-103,-126,211,0,0,0,3
0,0,0,126,877,-100,-155,207,0,0,0,3
0,0,0,144,1010,-97,-111,226,0,0,0,3
0,0,0,114,1332,-93,-110,206,0,0,0,3
0,0,0,146,1286,-101,-122,203,0,0,0,3
0,0,0,144,1307,-108,-112,216,0,0,0,3
0,0,0,660,1349,-104,-122,201,0,0,0,3
0,0,0,558,1357,-106,-137,216,0,0,0,3
0,0,0,657,1360,-97,-133,217,0,0,0,3
0,0,0,623,1355,-97,-127,187,0,0,0,3
0,0,0,634,1331,-88,-103,203,0,0,0,3
0,0,0,673,1340,-92,-115,219,0,0,0,3
0,0,0,678,1281,-95,-116,220,0,0,0,3
0,0,0,590,1281,-89,-118,200,0,0,0,3
0,0,0,580,1323,-96,-152,205,0,0,0,3
0,0,0,682,1331,-98,-131,214,0,0,0,3
0,0,0,624,1273,-101,-111,209,0,0,0,3
0,0,0,608,1264,-98,-112,210,0,0,0,3
0,0,0,634,1257,-77,-135,200,0,0,0,3
0,0,0,666,1197,-98,-100,215,0,0,0,3
0,0,0,695,1267,-93,-126,190,0,0,0,3
0,0,0,666,1340,-101,-134,213,0,0,0,3
0,0,0,713,1082,-68,-115,209,0,0,0,3
0,0,0,782,983,-112,-110,196,0,0,0,3
0,0,0,738,998,-100,-135,206,0,0,0,3
0,0,0,784,1071,-83,-102,208,0,0,0,3
0,0,0,721,1045,-90,-118,211,0,0,0,3
0,0,0,743,988,-110,-113,205,0,0,0,3
0,0,0,538,718,-75,-134,206,0,0,0,5
0,0,0,468,0,-107,-116,202,0,0,0,5
763,0,0,0,0,-100,-124,197,0,0,0,5
1130,0,0,0,0,-96,-110,191,0,0,0,5
949,0,0,0,0,-88,-134,210,0,0,0,5
872,0,0,0,0,-90,-131,221,0,0,0,5
784,0,0,0,0,-89,-138,206,0,0,0,5
737,0,0,0,0,-108,-99,199,0,0,0,5
655,0,0,0,0,-87,-125,195,0,0,0,5
383,0,0,0,0,-93,-123,220,0,0,0,5
170,0,0,0,0,-97,-112,222,0,0,0,5
399,0,0,0,0,-97,-118,207,0,0,0,5
645,0,0,0,0,-65,-115,220,0,0,0,5
652,0,0,0,0,-105,-116,199,0,0,0,5
564,0,0,0,0,-96,-119,219,0,0,0,5
652,0,0,0,0,-82,-110,211,0,0,0,5
857,0,0,0,0,-71,-110,208,0,0,0,5
803,0,0,0,0,-93,-134,208,0,0,0,5
908,0,0,0,0,-87,-82,211,0,0,0,5
847,0,0,0,0,-120,-122,218,0,0,0,5
814,0,0,0,0,-92,-131,216,0,0,0,5
556,0,0,0,0,-100,-127,199,0,0,0,5
489,0,0,0,0,-67,-118,246,0,0,0,5
484,0,0,0,0,-85,-109,207,0,0,0,5
576,0,0,0,0,-97,-136,208,0,0,0,5
504,0,0,0,0,-111,-123,194,0,0,0,5
620,0,0,0,0,-105,-120,212,0,0,0,5
529,0,0,0,0,-91,-101,205,0,0,0,5
253,0,0,0,0,-88,-105,209,0,0,0,5
310,0,0,0,0,-99,-118,215,0,0,0,5
419,0,0,0,0,-84,-101,211,0,0,0,5
332,0,0,0,0,-97,-121,225,0,0,0,5
292,0,0,0,0,-89,-120,226,0,0,0,5
3,0,0,0,0,-103,-125,220,0,0,0,5
94,0,0,0,0,-124,-131,210,0,0,0,5
132,0,0,0,0,-119,-113,224,0,0,0,5
377,0,0,0,0,-106,-119,207,0,0,0,5
487,0,0,0,0,-97,-122,220,0,0,0,5
495,0,0,0,0,-118,-114,202,0,0,0,5
474,0,0,0,0,-99,-136,214,0,0,0,5
526,0,0,0,0,-105,-124,215,0,0,0,5
233,0,0,0,0,-98,-132,214,0,0,0,5
303,0,0,0,0,-99,-128,218,0,0,0,5
40,0,0,0,0,-102,-104,211,0,0,0,5
32,0,0,0,0,-106,-110,191,0,0,0,5
113,0,0,0,0,-110,-135,216,0,0,0,5
201,0,0,0,0,-112,-123,214,0,0,0,5
443,0,0,0,0,-104,-116,211,0,0,0,5
71,0,0,0,0,-94,-131,225,0,0,0,5
33,0,0,0,0,-103,-121,204,0,0,0,5
20,0,0,0,0,-100,-94,212,0,0,0,5
50,0,0,0,0,-104,-141,214,0,0,0,5
49,0,0,0,0,-92,-121,228,0,0,0,5
495,0,0,0,0,-105,-135,200,0,0,0,5
3157,0,0,0,0,-65,-142,219,0,0,0,5
3218,0,0,0,0,-76,-122,204,0,0,0,5
1882,0,0,0,0,-96,-138,186,0,0,0,5
1508,0,0,0,0,-89,-122,216,0,0,0,5
1475,0,0,0,0,-100,-132,210,0,0,0,5
1456,0,0,0,0,-99,-124,198,0,0,0,5
1443,0,0,0,0,-91,-130,221,0,0,0,5
1456,0,0,0,0,-73,-123,221,0,0,0,5
1446,0,0,0,0,-88,-135,218,0,0,0,5
1374,0,0,0,0,-91,-144,208,0,0,0,5
1340,0,0,0,0,-97,-138,201,0,0,0,5
1371,0,0,0,0,-88,-101,203,0,0,0,5
1360,0,0,0,0,-101,-128,202,0,0,0,5
1315,0,0,0,0,-80,-142,206,0,0,0,5
1292,0,0,0,0,-77,-117,214,0,0,0,5
1253,0,0,0,0,-112,-139,214,0,0,0,5
1185,0,0,0,0,-89,-146,207,0,0,0,5
1045,0,0,0,0,-80,-120,216,0,0,0,5
1016,0,0,0,0,-96,-111,220,0,0,0,5
983,0,0,0,0,-87,-131,214,0,0,0,5
964,0,0,0,0,-126,-111,221,0,0,0,5
949,0,0,0,0,-114,-111,217,0,0,0,5
883,0,0,0,0,-98,-131,207,0,0,0,5
782,0,0,0,0,-85,-108,222,0,0,0,5
221,0,0,0,0,-87,-117,217,0,0,0,5
259,0,0,0,0,-104,-127,226,0,0,0,5
0,1505,0,0,0,-87,-102,209,0,0,0,1
0,194,0,0,0,-100,-128,207,0,0,0,5
0,1170,0,0,0,-106,-116,200,0,0,0,1
0,1391,0,0,0,-100,-123,214,0,0,0,1
0,1325,0,0,0,-103,-128,216,0,0,0,1
0,1331,0,0,0,-94,-116,206,0,0,0,1
0,1579,0,0,0,-100,-100,198,0,0,0,1
0,1500,0,0,0,-81,-117,211,0,0,0,1
0,1616,0,0,0,-119,-139,211,0,0,0,1
0,1342,0,0,0,-84,-119,208,0,0,0,1
0,1331,0,0,0,-87,-118,227,0,0,0,1
0,1419,0,0,0,-101,-103,195,0,0,0,1
0,1336,0,0,0,-97,-135,184,0,0,0,1
0,1333,0,0,0,-92,-144,203,0,0,0,1
0,1331,0,0,0,-94,-139,207,0,0,0,1
0,1316,0,0,0,-75,-118,188,0,0,0,1
0,1319,0,0,0,-88,-139,198,0,0,0,1
0,1316,0,0,0,-65,-133,214,0,0,0,1
0,1347,0,0,0,-97,-127,207,0,0,0,1
0,1321,0,0,0,-106,-127,224,0,0,0,1
0,1319,0,0,0,-111,-122,209,0,0,0,1
0,1321,0,0,0,-86,-121,224,0,0,0,1
0,1320,0,0,0,-101,-131,199,0,0,0,1
0,1323,0,0,0,-80,-150,219,0,0,0,1
0,1326,0,0,0,-80,-128,206,0,0,0,1
0,1331,0,0,0,-106,-132,197,0,0,0,1
0,1332,0,0,0,-108,-117,202,0,0,0,1
0,1330,0,0,0,-78,-124,220,0,0,0,1
0,1343,0,0,0,-101,-113,218,0,0,0,1
0,1340,0,0,0,-96,-120,210,0,0,0,1
0,1613,0,0,0,-90,-112,215,0,0,0,1
0,1428,0,0,0,-103,-111,211,0,0,0,1
0,1417,0,0,0,-101,-102,225,0,0,0,1
0,1414,0,0,0,-87,-138,222,0,0,0,1
0,1586,0,0,0,-99,-104,212,0,0,0,1
0,1404,0,0,0,-82,-120,225,0,0,0,1
0,1397,0,0,0,-99,-149,213,0,0,0,1
0,1426,0,0,0,-86,-113,194,0,0,0,1
0,1429,0,0,0,-82,-124,225,0,0,0,1
0,1461,0,0,0,-76,-99,208,0,0,0,1
0,1491,0,0,0,-97,-116,215,0,0,0,1
0,1499,0,0,0,-79,-128,215,0,0,0,1
0,1414,0,0,0,-102,-121,210,0,0,0,1
0,1535,0,0,0,-121,-130,217,0,0,0,1
0,1421,0,0,0,-88,-126,220,0,0,0,1
0,1435,0,0,0,-105,-113,209,0,0,0,1
0,1457,0,0,0,-70,-113,199,0,0,0,1
0,1507,0,0,0,-107,-142,201,0,0,0,1
0,1567,0,0,0,-96,-117,222,0,0,0,1
0,1535,0,0,0,-87,-133,201,0,0,0,1
0,1506,0,0,0,-107,-115,213,0,0,0,1
0,1468,0,0,0,-114,-136,226,0,0,0,1
0,1470,0,0,0,-106,-94,205,0,0,0,1
0,1472,0,0,0,-108,-113,222,0,0,0,1
0,1473,0,0,0,-90,-108,184,0,0,0,1
0,1455,0,0,0,-100,-134,209,0,0,0,1
0,1453,0,0,0,-107,-127,210,0,0,0,1
0,1454,0,0,0,-83,-98,217,0,0,0,1
0,1452,0,0,0,-89,-133,227,0,0,0,1
0,1445,0,0,0,-77,-135,219,0,0,0,1
0,1443,0,0,0,-113,-131,212,0,0,0,1
0,1422,0,0,0,-91,-106,217,0,0,0,1
0,1492,0,0,0,-125,-133,219,0,0,0,1
0,1903,0,0,0,-74,-105,206,0,0,0,1
0,1893,0,0,0,-105,-123,220,0,0,0,1
0,1878,0,0,0,-93,-126,206,0,0,0,1
0,2064,0,0,0,-95,-123,218,0,0,0,1
0,2061,0,0,0,-91,-117,233,0,0,0,1
0,2046,0,0,0,-103,-135,203,0,0,0,1
0,2074,0,0,0,-100,-120,215,0,0,0,1
0,2060,0,0,0,-100,-116,231,0,0,0,1
0,1957,0,0,0,-96,-127,233,0,0,0,1
0,1919,0,0,0,-90,-127,228,0,0,0,1
0,1914,0,0,0,-103,-153,209,0,0,0,1
0,1898,0,0,0,-85,-126,202,0,0,0,1
0,1859,0,0,0,-77,-124,211,0,0,0,1
0,1861,0,0,0,-98,-114,217,0,0,0,1
0,1852,0,0,0,-97,-149,205,0,0,0,1
0,1855,0,0,0,-91,-116,212,0,0,0,1
0,1854,0,0,0,-89,-128,215,0,0,0,1
0,1854,0,0,0,-88,-112,206,0,0,0,1
0,1855,0,0,0,-94,-157,209,0,0,0,1
0,1856,0,0,0,-98,-127,212,0,0,0,1
0,1864,0,0,0,-106,-122,227,0,0,0,1
0,1875,0,0,0,-74,-125,215,0,0,0,1
0,1873,0,0,0,-88,-131,189,0,0,0,1
0,1874,0,0,0,-93,-106,202,0,0,0,1
0,1870,0,0,0,-81,-120,202,0,0,0,1
0,1859,0,0,0,-104,-118,205,0,0,0,1
0,1867,0,0,0,-102,-123,211,0,0,0,1
0,1868,0,0,0,-102,-110,212,0,0,0,1
0,1873,0,0,0,-101,-123,218,0,0,0,1
0,1861,0,0,0,-94,-120,208,0,0,0,1
0,0,2528,0,0,-80,-113,220,0,0,0,4
0,0,2751,0,0,-98,-121,227,0,0,0,4
0,0,2730,0,0,-108,-109,211,0,0,0,4
0,0,2779,0,0,-112,-132,195,0,0,0,4
0,0,2788,0,0,-98,-129,204,0,0,0,4
0,0,2792,0,0,-101,-128,223,0,0,0,4
0,0,2794,0,0,-80,-150,214,0,0,0,4
0,0,2830,0,0,-98,-133,212,0,0,0,4
0,0,2718,0,0,-73,-136,214,0,0,0,4
0,0,2624,0,0,-78,-125,211,0,0,0,4
0,0,3148,0,0,-90,-111,196,0,0,0,4
0,0,2967,0,0,-112,-110,198,0,0,0,4
0,0,2751,0,0,-101,-121,196,0,0,0,4
0,0,2740,0,0,-99,-144,212,0,0,0,4
0,0,2751,0,0,-112,-136,206,0,0,0,4
0,0,2749,0,0,-91,-114,188,0,0,0,4
0,0,3159,0,0,-104,-135,202,0,0,0,4
0,0,3152,0,0,-80,-130,220,0,0,0,4
0,0,3172,0,0,-102,-102,219,0,0,0,4
0,0,3108,0,0,-93,-124,222,0,0,0,4
0,0,3193,0,0,-94,-133,201,0,0,0,4
0,0,3188,0,0,-91,-114,213,0,0,0,4
0,0,3195,0,0,-107,-143,214,0,0,0,4
0,0,3191,0,0,-96,-118,198,0,0,0,4
0,0,3188,0,0,-98,-144,212,0,0,0,4
0,0,3186,0,0,-95,-101,212,0,0,0,4
0,0,3183,0,0,-93,-119,226,0,0,0,4
0,0,3184,0,0,-78,-114,210,0,0,0,4
0,0,3183,0,0,-85,-144,197,0,0,0,4
0,0,3185,0,0,-88,-120,216,0,0,0,4
0,0,3163,0,0,-67,-143,207,0,0,0,4
0,0,3169,0,0,-97,-131,214,0,0,0,4
0,0,3164,0,0,-70,-117,206,0,0,0,4
0,0,3164,0,0,-80,-134,194,0,0,0,4
0,0,3158,0,0,-87,-110,211,0,0,0,4
0,0,3164,0,0,-83,-105,230,0,0,0,4
0,0,3167,0,0,-96,-116,202,0,0,0,4
0,0,3173,0,0,-81,-116,203,0,0,0,4
0,0,3177,0,0,-110,-142,220,0,0,0,4
0,0,3180,0,0,-97,-130,214,0,0,0,4
0,0,3175,0,0,-95,-127,212,0,0,0,4
0,0,3184,0,0,-98,-131,208,0,0,0,4
0,0,3183,0,0,-98,-107,222,0,0,0,4
0,0,3184,0,0,-96,-123,207,0,0,0,4
0,0,3195,0,0,-101,-111,212,0,0,0,4
0,0,3194,0,0,-104,-117,204,0,0,0,4
0,0,3184,0,0,-91,-128,232,0,0,0,4
0,0,3183,0,0,-95,-125,206,0,0,0,4
0,0,3184,0,0,-84,-113,201,0,0,0,4
0,0,3175,0,0,-77,-134,205,0,0,0,4
0,0,3179,0,0,-90,-107,221,0,0,0,4
0,0,3179,0,0,-87,-128,198,0,0,0,4
0,0,3183,0,0,-103,-132,214,0,0,0,4
0,0,3184,0,0,-102,-134,219,0,0,0,4
0,0,3183,0,0,-86,-118,206,0,0,0,4
0,0,3184,0,0,-90,-107,216,0,0,0,4
0,0,3182,0,0,-84,-108,218,0,0,0,4
0,0,3173,0,0,-90,-112,209,0,0,0,4
0,0,3172,0,0,-80,-124,195,0,0,0,4
0,0,3174,0,0,-95,-122,221,0,0,0,4
0,0,3181,0,0,-83,-114,206,0,0,0,4
0,0,3178,0,0,-85,-120,195,0,0,0,4
0,0,3169,0,0,-99,-117,210,0,0,0,4
0,0,3167,0,0,-87,-116,230,0,0,0,4
0,0,3170,0,0,-106,-116,204,0,0,0,4
0,0,3176,0,0,-82,-130,216,0,0,0,4
0,0,3181,0,0,-86,-123,226,0,0,0,4
0,0,3157,0,0,-117,-116,206,0,0,0,4
0,0,3145,0,0,-99,-133,216,0,0,0,4
0,0,3149,0,0,-99,-122,198,0,0,0,4
0,0,3144,0,0,-95,-113,202,0,0,0,4
0,0,3137,0,0,-95,-127,216,0,0,0,4
0,0,3060,0,0,-98,-104,204,0,0,0,4
0,0,3043,0,0,-107,-124,224,0,0,0,4
0,0,3011,0,0,-92,-117,193,0,0,0,4
0,0,2767,0,0,-92,-118,217,0,0,0,4
0,0,3153,0,0,-85,-140,208,0,0,0,4
0,0,3151,0,0,-93,-119,205,0,0,0,4
0,0,3114,0,0,-94,-123,203,0,0,0,4
0,0,3054,0,0,-94,-125,196,0,0,0,4
0,0,3155,0,0,-81,-144,198,0,0,0,4
0,0,3152,0,0,-111,-124,197,0,0,0,4
0,0,3149,0,0,-88,-120,221,0,0,0,4
0,0,3166,0,0,-77,-122,183,0,0,0,4
0,0,3177,0,0,-99,-118,209,0,0,0,4
0,0,3176,0,0,-80,-116,226,0,0,0,4
0,0,3170,0,0,-105,-88,204,0,0,0,4
0,0,3172,0,0,-94,-118,203,0,0,0,4
0,0,3173,0,0,-88,-119,189,0,0,0,4
0,0,3171,0,0,-82,-104,196,0,0,0,4
0,0,3178,0,0,-108,-121,205,0,0,0,4
0,0,3185,0,0,-105,-147,205,0,0,0,4
0,0,1986,974,0,-116,-132,216,0,0,0,4
0,0,0,1249,0,-71,-105,229,0,0,0,5
0,0,0,1185,0,-85,-134,206,0,0,0,5
0,0,0,1972,0,-108,-111,199,0,0,0,0
0,0,0,2862,0,-105,-131,202,0,0,0,0
0,0,0,3206,0,-83,-119,208,0,0,0,0
0,0,0,3039,0,-90,-118,204,0,0,0,0
0,0,0,3043,0,-75,-111,209,0,0,0,0
0,0,0,3104,0,-97,-135,217,0,0,0,0
0,0,0,3143,0,-101,-121,204,0,0,0,0
0,0,0,3147,0,-106,-111,194,0,0,0,0
0,0,0,3337,0,-103,-122,213,0,0,0,0
0,0,0,3712,0,-85,-131,210,0,0,0,0
0,0,0,3116,0,-106,-122,219,0,0,0,0
0,0,0,3090,0,-73,-145,219,0,0,0,0
0,0,0,2986,0,-98,-120,198,0,0,0,0
0,0,0,3814,0,-74,-107,220,0,0,0,0
0,0,0,3797,0,-104,-113,225,0,0,0,0
0,0,0,3818,0,-102,-89,200,0,0,0,0
0,0,0,3828,0,-89,-144,195,0,0,0,0
0,0,0,3839,0,-85,-121,213,0,0,0,0
0,0,0,3892,0,-114,-123,217,0,0,0,0
0,0,0,3896,0,-80,-126,202,0,0,0,0
0,0,0,3887,0,-87,-121,232,0,0,0,0
0,0,0,3876,0,-92,-129,212,0,0,0,0
0,0,0,3853,0,-103,-127,201,0,0,0,0
0,0,0,3194,0,-85,-111,207,0,0,0,0
0,0,0,3221,0,-95,-131,208,0,0,0,0
0,0,0,2904,0,-83,-127,221,0,0,0,0
0,0,0,3101,0,-90,-121,209,0,0,0,0
0,0,0,3182,0,-87,-119,225,0,0,0,0
0,0,0,3217,0,-92,-109,207,0,0,0,0
0,0,0,2937,0,-114,-139,205,0,0,0,0
0,0,0,2964,0,-63,-124,212,0,0,0,0
0,0,0,3090,0,-111,-122,200,0,0,0,0
0,0,0,3098,0,-106,-128,201,0,0,0,0
0,0,0,3209,0,-106,-127,216,0,0,0,0
0,0,0,3129,0,-97,-140,223,0,0,0,0
0,0,0,3109,0,-111,-134,214,0,0,0,0
0,0,0,3097,0,-98,-122,214,0,0,0,0
0,0,0,3006,0,-94,-125,218,0,0,0,0
0,0,0,3026,0,-111,-106,204,0,0,0,0
0,0,0,2954,0,-110,-124,215,0,0,0,0
0,0,0,2851,0,-109,-125,226,0,0,0,0
0,0,0,3018,0,-105,-111,211,0,0,0,0
0,0,0,2892,0,-102,-152,186,0,0,0,0
0,0,0,3080,0,-98,-121,219,0,0,0,0
0,0,0,2807,0,-97,-107,226,0,0,0,0
0,0,0,3219,0,-91,-118,207,0,0,0,0
0,0,0,3080,0,-102,-133,221,0,0,0,0
0,0,0,2825,0,-62,-123,218,0,0,0,0
0,0,0,3336,0,-90,-102,198,0,0,0,0
0,0,0,3521,0,-90,-117,221,0,0,0,0
0,0,0,3413,0,-84,-122,225,0,0,0,0
0,0,0,3211,0,-93,-114,199,0,0,0,0
0,0,0,3149,0,-89,-143,208,0,0,0,0
0,0,0,3119,0,-104,-130,200,0,0,0,0
0,0,0,3460,0,-94,-133,190,0,0,0,0
0,0,0,3804,0,-98,-130,217,0,0,0,0
0,0,0,3833,0,-94,-126,220,0,0,0,0
0,0,0,3845,0,-102,-132,206,0,0,0,0
0,0,0,3842,0,-95,-115,209,0,0,0,0
0,0,0,3842,0,-98,-132,196,0,0,0,0
0,0,0,3843,0,-101,-132,216,0,0,0,0
0,0,0,3843,0,-87,-120,202,0,0,0,0
0,0,0,3843,0,-84,-137,218,0,0,0,0
0,0,0,3840,0,-96,-116,212,0,0,0,0
0,0,0,3841,0,-102,-128,214,0,0,0,0
0,0,0,3839,0,-94,-121,199,0,0,0,0
0,0,0,3837,0,-93,-110,219,0,0,0,0
0,0,0,3836,0,-84,-103,186,0,0,0,0
0,0,0,3830,0,-86,-126,206,0,0,0,0
0,0,0,3830,0,-72,-107,222,0,0,0,0
0,0,0,3825,0,-93,-107,203,0,0,0,0
0,0,0,3827,0,-78,-145,199,0,0,0,0
0,0,0,3830,0,-73,-103,206,0,0,0,0
0,0,0,3828,0,-95,-130,221,0,0,0,0
0,0,0,3826,0,-80,-110,210,0,0,0,0
0,0,0,3826,0,-105,-128,200,0,0,0,0
0,0,0,3827,0,-86,-110,238,0,0,0,0
0,0,0,3826,0,-96,-122,203,0,0,0,0
0,0,0,3827,0,-87,-115,201,0,0,0,0
0,0,0,3820,0,-102,-135,211,0,0,0,0
0,0,0,3815,0,-93,-93,211,0,0,0,0
0,0,0,3812,0,-81,-105,211,0,0,0,0
0,0,0,3806,0,-87,-94,213,0,0,0,0
0,0,0,3806,0,-105,-127,211,0,0,0,0
0,0,0,3806,0,-93,-125,211,0,0,0,0
0,0,0,3804,0,-107,-102,209,0,0,0,0
0,0,0,3800,0,-97,-125,185,0,0,0,0
0,0,0,3794,0,-121,-121,215,0,0,0,0
0,0,0,3793,0,-96,-128,212,0,0,0,0
0,0,0,3795,0,-103,-116,210,0,0,0,0
0,0,0,3797,0,-99,-133,215,0,0,0,0
0,0,0,3792,0,-96,-102,204,0,0,0,0
0,0,0,3796,0,-99,-124,216,0,0,0,0
0,0,0,3794,0,-81,-127,204,0,0,0,0
0,0,0,3794,0,-102,-138,210,0,0,0,0
0,0,0,3789,0,-86,-97,210,0,0,0,0
0,0,0,3625,0,-93,-133,211,0,0,0,0
0,0,0,2931,0,-90,-121,223,0,0,0,0
0,0,0,625,1424,-91,-121,207,0,0,0,3
0,0,0,922,2794,-117,-127,194,0,0,0,3
0,0,0,939,2889,-97,-115,195,0,0,0,3
0,0,0,944,2907,-115,-138,221,0,0,0,3
0,0,0,932,2991,-97,-117,205,0,0,0,3
0,0,0,0,3232,-110,-115,187,0,0,0,3
0,0,0,0,3311,-94,-109,197,0,0,0,3
0,0,0,0,3357,-112,-146,198,0,0,0,3
0,0,0,0,3352,-97,-123,208,0,0,0,3
0,0,0,198,3370,-102,-125,232,0,0,0,3
0,0,0,656,3354,-89,-110,202,0,0,0,3
0,0,0,677,3353,-77,-114,216,0,0,0,3
0,0,0,702,3337,-89,-128,201,0,0,0,3
0,0,0,697,3270,-81,-106,214,0,0,0,3
0,0,0,705,3299,-90,-106,216,0,0,0,3
0,0,0,713,3321,-90,-161,215,0,0,0,3
0,0,0,725,3351,-100,-123,208,0,0,0,3
0,0,0,752,3343,-97,-105,200,0,0,0,3
0,0,0,784,3322,-85,-119,209,0,0,0,3
0,0,0,815,3301,-93,-124,209,0,0,0,3
0,0,0,820,3283,-95,-140,203,0,0,0,3
0,0,0,824,3274,-91,-123,221,0,0,0,3
0,0,0,827,3252,-101,-138,204,0,0,0,3
0,0,0,832,3242,-95,-116,208,0,0,0,3
0,0,0,839,3232,-77,-107,217,0,0,0,3
0,0,0,832,3228,-93,-133,216,0,0,0,3
0,0,0,849,3230,-98,-130,201,0,0,0,3
0,0,0,1261,3216,-85,-128,201,0,0,0,3
0,0,0,1302,3160,-83,-136,226,0,0,0,3
0,0,0,1392,3099,-91,-125,207,0,0,0,3
0,0,0,1402,3113,-106,-117,217,0,0,0,3
0,0,0,1421,2879,-93,-111,221,0,0,0,3
0,0,0,1412,3006,-69,-108,214,0,0,0,3
0,0,0,1424,2992,-95,-110,197,0,0,0,3
0,0,0,1423,2980,-107,-124,229,0,0,0,3
0,0,0,1394,2996,-92,-143,219,0,0,0,3
0,0,0,1383,3051,-94,-130,217,0,0,0,3
0,0,0,1425,3043,-94,-112,199,0,0,0,3
0,0,0,1423,3014,-105,-123,216,0,0,0,3
0,0,0,1423,3007,-115,-98,203,0,0,0,3
0,0,0,1425,3015,-94,-135,220,0,0,0,3
0,0,0,1440,2982,-103,-126,226,0,0,0,3
0,0,0,1501,2962,-99,-104,212,0,0,0,3
0,0,0,1518,2962,-93,-125,213,0,0,0,3
0,0,0,1552,2970,-78,-128,223,0,0,0,3
0,0,0,1568,2992,-121,-108,215,0,0,0,3
0,0,0,1535,3026,-114,-113,226,0,0,0,3
0,0,0,1535,3001,-99,-122,215,0,0,0,3
0,0,0,1563,2943,-109,-119,210,0,0,0,3
0,0,0,1565,2992,-84,-129,211,0,0,0,3
0,0,0,1344,3161,-106,-141,219,0,0,0,3
0,0,0,541,3392,-80,-132,196,0,0,0,3
0,0,0,760,3403,-95,-115,202,0,0,0,3
0,0,0,774,3375,-80,-131,193,0,0,0,3
0,0,0,778,3374,-74,-113,213,0,0,0,3
0,0,0,819,3373,-114,-110,202,0,0,0,3
0,0,0,849,3373,-100,-115,199,0,0,0,3
0,0,0,1165,3371,-113,-135,211,0,0,0,3
0,0,0,1217,3348,-76,-121,202,0,0,0,3
0,0,0,1224,3368,-97,-104,222,0,0,0,3
0,0,0,1285,3348,-95,-130,193,0,0,0,3
0,0,0,1295,3335,-99,-121,224,0,0,0,3
0,0,0,1377,3208,-100,-124,197,0,0,0,3
0,0,0,1395,3252,-100,-104,217,0,0,0,3
0,0,0,1412,3247,-86,-112,200,0,0,0,3
0,0,0,1410,3234,-104,-130,206,0,0,0,3
0,0,0,1399,3244,-118,-142,193,0,0,0,3
0,0,0,1411,3222,-94,-114,207,0,0,0,3
0,0,0,1458,2288,-104,-141,201,0,0,0,3
0,0,0,950,0,-95,-121,205,0,0,0,5
0,0,0,1065,0,-90,-127,215,0,0,0,5
0,0,0,1064,0,-77,-113,204,0,0,0,5
0,0,0,1087,0,-90,-111,218,0,0,0,5
0,0,0,1022,0,-86,-144,195,0,0,0,5
0,0,0,299,0,-77,-138,212,0,0,0,5
0,0,2611,2869,0,-98,-117,199,0,0,0,4
0,0,3675,3822,1274,-99,-128,210,0,0,0,4
0,0,3118,3565,0,-87,-123,185,0,0,0,4
2631,1582,3754,3923,3593,-105,-121,205,0,0,0,2
3146,2276,3778,3827,3956,-90,-111,210,0,0,0,2
3278,2206,3783,4056,4053,-93,-119,215,0,0,0,2
3303,2170,3753,4075,4078,-113,-118,223,0,0,0,2
3248,2175,3728,4060,4076,-99,-129,200,0,0,0,2
3246,2197,3716,4065,4081,-69,-120,214,0,0,0,2
3195,2255,3693,4056,4082,-84,-124,198,0,0,0,2
3156,2230,3713,4067,4053,-98,-115,219,0,0,0,2
3203,2233,3709,4065,4080,-81,-130,215,0,0,0,2
3137,2239,3691,4062,4085,-88,-112,217,0,0,0,2
3121,2246,3670,4055,4081,-113,-139,222,0,0,0,2
3124,2277,3660,4051,4083,-106,-152,204,0,0,0,2
3081,2304,3655,4054,4083,-88,-120,219,0,0,0,2
3066,2338,3666,4052,4080,-88,-123,210,0,0,0,2
3078,2335,3654,4053,4078,-104,-122,218,0,0,0,2
3087,2330,3642,4054,4077,-93,-135,215,0,0,0,2
3074,2293,3626,4051,4074,-84,-166,200,0,0,0,2
3061,2289,3608,4047,4072,-71,-109,198,0,0,0,2
3054,2289,3587,4046,4072,-97,-125,213,0,0,0,2
3055,2323,3603,4048,4069,-99,-104,221,0,0,0,2
3044,2302,3604,4049,4071,-111,-129,202,0,0,0,2
3040,2287,3595,4049,4074,-81,-128,221,0,0,0,2
3054,2303,3568,4046,4070,-80,-122,195,0,0,0,2
3054,2316,3569,4041,4071,-77,-143,213,0,0,0,2
3045,2308,3569,4037,4073,-87,-130,188,0,0,0,2
3049,2297,3578,4037,4074,-85,-99,212,0,0,0,2
3061,2284,3581,4041,4076,-98,-133,216,0,0,0,2
3056,2284,3578,4040,4075,-85,-119,215,0,0,0,2
3057,2288,3580,4036,4076,-77,-105,215,0,0,0,2
3043,2268,3578,4037,4076,-95,-120,206,0,0,0,2
3035,2255,3582,4039,4077,-82,-118,192,0,0,0,2
3038,2239,3577,4039,4075,-108,-122,200,0,0,0,2
3035,2213,3580,4038,4077,-120,-128,224,0,0,0,2
3031,2128,3573,4035,4081,-111,-116,184,0,0,0,2
3024,2172,3568,4033,4079,-105,-128,203,0,0,0,2
3036,2143,3571,4032,4077,-92,-138,214,0,0,0,2
3024,2067,3568,4031,4076,-94,-119,216,0,0,0,2
3030,2071,3572,4033,4078,-86,-110,215,0,0,0,2
3030,1945,3567,4029,4077,-101,-98,215,0,0,0,2
3026,1931,3563,4029,4075,-97,-124,206,0,0,0,2
3026,1841,3560,4031,4079,-96,-106,196,0,0,0,2
3024,1822,3560,4030,4079,-94,-126,210,0,0,0,2
3013,1809,3536,4032,4076,-80,-120,199,0,0,0,2
3004,1776,3535,4025,4071,-81,-139,220,0,0,0,2
3010,1804,3535,4028,4074,-117,-123,233,0,0,0,2
3005,1802,3528,4031,4079,-96,-127,186,0,0,0,2
3008,1794,3525,4032,4082,-90,-138,220,0,0,0,2
3008,1834,3527,4031,4079,-92,-126,210,0,0,0,2
2998,1871,3520,4033,4079,-98,-127,201,0,0,0,2
3007,1872,3515,4031,4080,-63,-105,208,0,0,0,2
3010,1874,3509,4031,4078,-90,-109,188,0,0,0,2
3009,1871,3503,4029,4080,-89,-138,197,0,0,0,2
3010,1868,3506,4029,4078,-100,-111,210,0,0,0,2
3007,1871,3512,4028,4078,-101,-118,209,0,0,0,2
3006,1860,3507,4025,4077,-71,-113,208,0,0,0,2
2997,1836,3512,4030,4079,-96,-130,215,0,0,0,2
2992,1823,3514,4028,4080,-83,-145,208,0,0,0,2
2992,1802,3514,4022,4081,-99,-118,204,0,0,0,2
2986,1759,3513,4027,4076,-97,-138,209,0,0,0,2
2962,1620,3505,4029,4071,-101,-121,219,0,0,0,2
2960,1681,3502,4029,4071,-91,-119,219,0,0,0,2
2935,1685,3501,4026,4069,-95,-120,226,0,0,0,2
2948,1694,3504,4030,4079,-87,-127,219,0,0,0,2
2708,1479,3493,4010,4008,-93,-103,209,0,0,0,2
1602,0,3416,3921,3812,-95,-102,199,0,0,0,2
255,0,2831,3603,3177,-91,-115,212,0,0,0,3
0,0,2607,3488,2761,-103,-129,204,0,0,0,3
0,0,1343,3257,901,-70,-114,209,0,0,0,0
0,0,0,2596,0,-83,-111,229,0,0,0,0
0,0,408,0,0,-92,-129,229,0,0,0,5
0,0,1826,0,0,-104,-121,203,0,0,0,4
0,0,2016,0,0,-95,-130,191,0,0,0,4
0,0,2003,0,0,-101,-132,199,0,0,0,4
0,0,2253,0,0,-103,-137,213,0,0,0,4
0,0,2157,0,0,-104,-111,210,0,0,0,4
0,0,2262,0,0,-88,-129,212,0,0,0,4
0,0,2206,0,0,-68,-105,206,0,0,0,4
0,0,2127,0,0,-86,-116,211,0,0,0,4
0,0,1913,0,0,-77,-106,222,0,0,0,4
0,0,636,0,0,-89,-110,213,0,0,0,5
0,0,261,0,0,-93,-120,199,0,0,0,5
0,0,226,0,0,-83,-96,201,0,0,0,5
0,0,447,0,0,-97,-92,209,0,0,0,5
0,0,6,0,0,-76,-122,215,0,0,0,5
